Company Name,C-level Name,Phone Number,Email,Address,Website URL,LinkedIn Profile
Tel-Us Call Center Inc,,Phone:  (844) 731-8066,,Website:www.tel-us.com,https://www.tel-us.com,https://www.linkedin.com/company/tel-us-call-center
Responsive Answering Service,,Phone:  (800) 915-6324,,,,
Tel-Us Call Center Inc,,Phone:  (844) 731-8066,,Website:www.tel-us.com,https://www.tel-us.com,https://www.linkedin.com/company/tel-us-call-center
Responsive Answering Service,,Phone:  (800) 915-6324,,,,
Sitel,,Phone:  (256) 349-5371,,"Address:313 Trade St, Florence, AL 35630",https://foundever.com,
Stmc Call Center,,Phone:  (931) 766-3480,,"Address:1323 S Locust Ave, Lawrenceburg, TN 38464",,
Tele-Sec Communications,,Phone:  (256) 767-2727,,"Address:214 N Court St, Florence, AL 35630",http://www.tele-sec.com,
Codewicr,,Phone:  (931) 548-2014,,"Address:1815 Reedy Way, Columbia, TN 38401",,
Exceptional Outcomes,,Phone:  (615) 866-2649,,"Address:1550 W Mcewen Dr, Franklin, TN 37067",http://exceptional-outcomes.com/contacteo.php,
Fonetech,,Phone:  (662) 269-2005,,"Address:2250 Rabbit Dr, Tupelo, MS 38801",,
Motorola CallWorks,,Phone:  (205) 979-1412,,"Address:1900 International Park Dr, Birmingham, AL 35243",https://www.motorolasolutions.com,
Professional Credential,,Phone:  (615) 316-7644,,"Address:25 Century Blvd, Nashville, TN 37214",,
Centertel Management Group Inc,,Phone:  (615) 883-2088,,"Address:2525 Perimeter Place Dr Ste 209, Nashville, TN 37214",https://www.ctelecom.net,
Tlk Group,,Phone:  (615) 835-2638,,"Address:443 Donelson Pike Ste 110, Nashville, TN 37214",http://www.manta.com/c/mbn3sdg/t-l-k-group-llc,
Paleki Answering Service,,Phone:  (855) 711-7177,,"Address:Po Box 244, Murfreesboro, TN 37133",,
Air Services And Leads,,Phone:  (615) 331-5551,,"Address:475 Metroplex Dr, Nashville, TN 37211",,
Tel-Us Call Center Inc,,Phone:  (844) 731-8066,,Website:www.tel-us.com,https://www.tel-us.com,https://www.linkedin.com/company/tel-us-call-center
Responsive Answering Service,,Phone:  (800) 915-6324,,,,
Tel-Us Call Center Inc,,Phone:  (844) 731-8066,,Website:www.tel-us.com,https://www.tel-us.com,https://www.linkedin.com/company/tel-us-call-center
Responsive Answering Service,,Phone:  (800) 915-6324,,,,
Stmc Call Center,,Phone:  (931) 766-3480,,"Address:1323 S Locust Ave, Lawrenceburg, TN 38464",,
Sitel,,Phone:  (256) 349-5371,,"Address:313 Trade St, Florence, AL 35630",https://foundever.com,
Tele-Sec Communications,,Phone:  (256) 767-2727,,"Address:214 N Court St, Florence, AL 35630",http://www.tele-sec.com,
Codewicr,,Phone:  (931) 548-2014,,"Address:1815 Reedy Way, Columbia, TN 38401",,
Exceptional Outcomes,,Phone:  (615) 866-2649,,"Address:1550 W Mcewen Dr, Franklin, TN 37067",http://exceptional-outcomes.com/contacteo.php,
Professional Credential,,Phone:  (615) 316-7644,,"Address:25 Century Blvd, Nashville, TN 37214",,
Centertel Management Group Inc,,Phone:  (615) 883-2088,,"Address:2525 Perimeter Place Dr Ste 209, Nashville, TN 37214",https://www.ctelecom.net,
Tlk Group,,Phone:  (615) 835-2638,,"Address:443 Donelson Pike Ste 110, Nashville, TN 37214",http://www.manta.com/c/mbn3sdg/t-l-k-group-llc,
Motorola CallWorks,,Phone:  (205) 979-1412,,"Address:1900 International Park Dr, Birmingham, AL 35243",https://www.motorolasolutions.com,
Intellicorp,,Phone:  (615) 415-2433,,"Address:700 Sweetwater Cir, Old Hickory, TN 37138",https://www.tricentis.com,
Paleki Answering Service,,Phone:  (855) 711-7177,,"Address:Po Box 244, Murfreesboro, TN 37133",,
Air Services And Leads,,Phone:  (615) 331-5551,,"Address:475 Metroplex Dr, Nashville, TN 37211",,
Call Center,,Phone:  (256) 236-2730,,"Address:1415 Parkwood Dr, Anniston, AL 36201",,
Tel-Us Call Center Inc,,Phone:  (844) 731-8066,,Website:www.tel-us.com,https://www.tel-us.com,https://www.linkedin.com/company/tel-us-call-center
Responsive Answering Service,,Phone:  (800) 915-6324,,,,
Stmc Call Center,,Phone:  (931) 766-3480,,"Address:1323 S Locust Ave, Lawrenceburg, TN 38464",,
Sitel,,Phone:  (256) 349-5371,,"Address:313 Trade St, Florence, AL 35630",https://foundever.com,
Tele-Sec Communications,,Phone:  (256) 767-2727,,"Address:214 N Court St, Florence, AL 35630",http://www.tele-sec.com,
Codewicr,,Phone:  (931) 548-2014,,"Address:1815 Reedy Way, Columbia, TN 38401",,
Exceptional Outcomes,,Phone:  (615) 866-2649,,"Address:1550 W Mcewen Dr, Franklin, TN 37067",http://exceptional-outcomes.com/contacteo.php,
Professional Credential,,Phone:  (615) 316-7644,,"Address:25 Century Blvd, Nashville, TN 37214",,
Centertel Management Group Inc,,Phone:  (615) 883-2088,,"Address:2525 Perimeter Place Dr Ste 209, Nashville, TN 37214",https://www.ctelecom.net,
Tlk Group,,Phone:  (615) 835-2638,,"Address:443 Donelson Pike Ste 110, Nashville, TN 37214",http://www.manta.com/c/mbn3sdg/t-l-k-group-llc,
Motorola CallWorks,,Phone:  (205) 979-1412,,"Address:1900 International Park Dr, Birmingham, AL 35243",https://www.motorolasolutions.com,
Intellicorp,,Phone:  (615) 415-2433,,"Address:700 Sweetwater Cir, Old Hickory, TN 37138",https://www.tricentis.com,
Paleki Answering Service,,Phone:  (855) 711-7177,,"Address:Po Box 244, Murfreesboro, TN 37133",,
Air Services And Leads,,Phone:  (615) 331-5551,,"Address:475 Metroplex Dr, Nashville, TN 37211",,
Call Center,,Phone:  (256) 236-2730,,"Address:1415 Parkwood Dr, Anniston, AL 36201",,
Tel-Us Call Center Inc,,Phone:  (844) 731-8066,,Website:www.tel-us.com,https://www.tel-us.com,https://www.linkedin.com/company/tel-us-call-center
Responsive Answering Service,,Phone:  (800) 915-6324,,,,
Tel-Us Call Center Inc,,Phone:  (844) 731-8066,,Website:www.tel-us.com,https://www.tel-us.com,https://www.linkedin.com/company/tel-us-call-center
Responsive Answering Service,,Phone:  (800) 915-6324,,,,
Stmc Call Center,,Phone:  (931) 766-3480,,"Address:1323 S Locust Ave, Lawrenceburg, TN 38464",,
Sitel,,Phone:  (256) 349-5371,,"Address:313 Trade St, Florence, AL 35630",https://foundever.com,
Codewicr,,Phone:  (931) 548-2014,,"Address:1815 Reedy Way, Columbia, TN 38401",,
Tele-Sec Communications,,Phone:  (256) 767-2727,,"Address:214 N Court St, Florence, AL 35630",http://www.tele-sec.com,
Exceptional Outcomes,,Phone:  (615) 866-2649,,"Address:1550 W Mcewen Dr, Franklin, TN 37067",http://exceptional-outcomes.com/contacteo.php,
Professional Credential,,Phone:  (615) 316-7644,,"Address:25 Century Blvd, Nashville, TN 37214",,
Centertel Management Group Inc,,Phone:  (615) 883-2088,,"Address:2525 Perimeter Place Dr Ste 209, Nashville, TN 37214",https://www.ctelecom.net,
Tlk Group,,Phone:  (615) 835-2638,,"Address:443 Donelson Pike Ste 110, Nashville, TN 37214",http://www.manta.com/c/mbn3sdg/t-l-k-group-llc,
Motorola CallWorks,,Phone:  (205) 979-1412,,"Address:1900 International Park Dr, Birmingham, AL 35243",https://www.motorolasolutions.com,
Intellicorp,,Phone:  (615) 415-2433,,"Address:700 Sweetwater Cir, Old Hickory, TN 37138",https://www.tricentis.com,
Paleki Answering Service,,Phone:  (855) 711-7177,,"Address:Po Box 244, Murfreesboro, TN 37133",,
Air Services And Leads,,Phone:  (615) 331-5551,,"Address:475 Metroplex Dr, Nashville, TN 37211",,
Call Center,,Phone:  (256) 236-2730,,"Address:1415 Parkwood Dr, Anniston, AL 36201",,
Tel-Us Call Center Inc,,Phone:  (844) 731-8066,,Website:www.tel-us.com,https://www.tel-us.com,https://www.linkedin.com/company/tel-us-call-center
Responsive Answering Service,,Phone:  (800) 915-6324,,,,
Tel-Us Call Center Inc,,Phone:  (844) 731-8066,,Website:www.tel-us.com,https://www.tel-us.com,https://www.linkedin.com/company/tel-us-call-center
Responsive Answering Service,,Phone:  (800) 915-6324,,,,
Stmc Call Center,,Phone:  (931) 766-3480,,"Address:1323 S Locust Ave, Lawrenceburg, TN 38464",,
Sitel,,Phone:  (256) 349-5371,,"Address:313 Trade St, Florence, AL 35630",https://foundever.com,
Tele-Sec Communications,,Phone:  (256) 767-2727,,"Address:214 N Court St, Florence, AL 35630",http://www.tele-sec.com,
Codewicr,,Phone:  (931) 548-2014,,"Address:1815 Reedy Way, Columbia, TN 38401",,
Exceptional Outcomes,,Phone:  (615) 866-2649,,"Address:1550 W Mcewen Dr, Franklin, TN 37067",http://exceptional-outcomes.com/contacteo.php,
Professional Credential,,Phone:  (615) 316-7644,,"Address:25 Century Blvd, Nashville, TN 37214",,
Centertel Management Group Inc,,Phone:  (615) 883-2088,,"Address:2525 Perimeter Place Dr Ste 209, Nashville, TN 37214",https://www.ctelecom.net,
Tlk Group,,Phone:  (615) 835-2638,,"Address:443 Donelson Pike Ste 110, Nashville, TN 37214",http://www.manta.com/c/mbn3sdg/t-l-k-group-llc,
Motorola CallWorks,,Phone:  (205) 979-1412,,"Address:1900 International Park Dr, Birmingham, AL 35243",https://www.motorolasolutions.com,
Intellicorp,,Phone:  (615) 415-2433,,"Address:700 Sweetwater Cir, Old Hickory, TN 37138",https://www.tricentis.com,
Paleki Answering Service,,Phone:  (855) 711-7177,,"Address:Po Box 244, Murfreesboro, TN 37133",,
Air Services And Leads,,Phone:  (615) 331-5551,,"Address:475 Metroplex Dr, Nashville, TN 37211",,
Call Center,,Phone:  (256) 236-2730,,"Address:1415 Parkwood Dr, Anniston, AL 36201",,
Tel-Us Call Center Inc,,Phone:  (844) 731-8066,,Website:www.tel-us.com,https://www.tel-us.com,https://www.linkedin.com/company/tel-us-call-center
Responsive Answering Service,,Phone:  (800) 915-6324,,,,
Tel-Us Call Center Inc,,Phone:  (844) 731-8066,,Website:www.tel-us.com,https://www.tel-us.com,https://www.linkedin.com/company/tel-us-call-center
Responsive Answering Service,,Phone:  (800) 915-6324,,,,
Stmc Call Center,,Phone:  (931) 766-3480,,"Address:1323 S Locust Ave, Lawrenceburg, TN 38464",,
Sitel,,Phone:  (256) 349-5371,,"Address:313 Trade St, Florence, AL 35630",https://foundever.com,
Tele-Sec Communications,,Phone:  (256) 767-2727,,"Address:214 N Court St, Florence, AL 35630",http://www.tele-sec.com,
Codewicr,,Phone:  (931) 548-2014,,"Address:1815 Reedy Way, Columbia, TN 38401",,
Exceptional Outcomes,,Phone:  (615) 866-2649,,"Address:1550 W Mcewen Dr, Franklin, TN 37067",http://exceptional-outcomes.com/contacteo.php,
Professional Credential,,Phone:  (615) 316-7644,,"Address:25 Century Blvd, Nashville, TN 37214",,
Centertel Management Group Inc,,Phone:  (615) 883-2088,,"Address:2525 Perimeter Place Dr Ste 209, Nashville, TN 37214",https://www.ctelecom.net,
Tlk Group,,Phone:  (615) 835-2638,,"Address:443 Donelson Pike Ste 110, Nashville, TN 37214",http://www.manta.com/c/mbn3sdg/t-l-k-group-llc,
Motorola CallWorks,,Phone:  (205) 979-1412,,"Address:1900 International Park Dr, Birmingham, AL 35243",https://www.motorolasolutions.com,
Intellicorp,,Phone:  (615) 415-2433,,"Address:700 Sweetwater Cir, Old Hickory, TN 37138",https://www.tricentis.com,
Paleki Answering Service,,Phone:  (855) 711-7177,,"Address:Po Box 244, Murfreesboro, TN 37133",,
Air Services And Leads,,Phone:  (615) 331-5551,,"Address:475 Metroplex Dr, Nashville, TN 37211",,
Call Center,,Phone:  (256) 236-2730,,"Address:1415 Parkwood Dr, Anniston, AL 36201",,
Tel-Us Call Center Inc,,Phone:  (844) 731-8066,,Website:www.tel-us.com,https://www.tel-us.com,https://www.linkedin.com/company/tel-us-call-center
Responsive Answering Service,,Phone:  (800) 915-6324,,,,
Responsive Answering Service,,Phone:  (800) 915-6324,,,,
Tel-Us Call Center Inc,,Phone:  (844) 731-8066,,Website:www.tel-us.com,https://www.tel-us.com,https://www.linkedin.com/company/tel-us-call-center
Stmc Call Center,,Phone:  (931) 766-3480,,"Address:1323 S Locust Ave, Lawrenceburg, TN 38464",,
Sitel,,Phone:  (256) 349-5371,,"Address:313 Trade St, Florence, AL 35630",https://foundever.com,
Tele-Sec Communications,,Phone:  (256) 767-2727,,"Address:214 N Court St, Florence, AL 35630",http://www.tele-sec.com,
Codewicr,,Phone:  (931) 548-2014,,"Address:1815 Reedy Way, Columbia, TN 38401",,
Tlk Group,,Phone:  (615) 835-2638,,"Address:443 Donelson Pike Ste 110, Nashville, TN 37214",http://www.manta.com/c/mbn3sdg/t-l-k-group-llc,
Professional Credential,,Phone:  (615) 316-7644,,"Address:25 Century Blvd, Nashville, TN 37214",,
Centertel Management Group Inc,,Phone:  (615) 883-2088,,"Address:2525 Perimeter Place Dr Ste 209, Nashville, TN 37214",https://www.ctelecom.net,
Exceptional Outcomes,,Phone:  (615) 866-2649,,"Address:1550 W Mcewen Dr, Franklin, TN 37067",http://exceptional-outcomes.com/contacteo.php,
Motorola CallWorks,,Phone:  (205) 979-1412,,"Address:1900 International Park Dr, Birmingham, AL 35243",https://www.motorolasolutions.com,
Intellicorp,,Phone:  (615) 415-2433,,"Address:700 Sweetwater Cir, Old Hickory, TN 37138",https://www.tricentis.com,
Paleki Answering Service,,Phone:  (855) 711-7177,,"Address:Po Box 244, Murfreesboro, TN 37133",,
Air Services And Leads,,Phone:  (615) 331-5551,,"Address:475 Metroplex Dr, Nashville, TN 37211",,
Call Center,,Phone:  (256) 236-2730,,"Address:1415 Parkwood Dr, Anniston, AL 36201",,
Tel-Us Call Center Inc,,Phone:  (844) 731-8066,,Website:www.tel-us.com,https://www.tel-us.com,https://www.linkedin.com/company/tel-us-call-center
Responsive Answering Service,,Phone:  (800) 915-6324,,,,
Tel-Us Call Center Inc,,Phone:  (844) 731-8066,,Website:www.tel-us.com,https://www.tel-us.com,https://www.linkedin.com/company/tel-us-call-center
Responsive Answering Service,,Phone:  (800) 915-6324,,,,
Stmc Call Center,,Phone:  (931) 766-3480,,"Address:1323 S Locust Ave, Lawrenceburg, TN 38464",,
Sitel,,Phone:  (256) 349-5371,,"Address:313 Trade St, Florence, AL 35630",https://foundever.com,
Tele-Sec Communications,,Phone:  (256) 767-2727,,"Address:214 N Court St, Florence, AL 35630",http://www.tele-sec.com,
Codewicr,,Phone:  (931) 548-2014,,"Address:1815 Reedy Way, Columbia, TN 38401",,
Exceptional Outcomes,,Phone:  (615) 866-2649,,"Address:1550 W Mcewen Dr, Franklin, TN 37067",http://exceptional-outcomes.com/contacteo.php,
Professional Credential,,Phone:  (615) 316-7644,,"Address:25 Century Blvd, Nashville, TN 37214",,
Centertel Management Group Inc,,Phone:  (615) 883-2088,,"Address:2525 Perimeter Place Dr Ste 209, Nashville, TN 37214",https://www.ctelecom.net,
Tlk Group,,Phone:  (615) 835-2638,,"Address:443 Donelson Pike Ste 110, Nashville, TN 37214",http://www.manta.com/c/mbn3sdg/t-l-k-group-llc,
Motorola CallWorks,,Phone:  (205) 979-1412,,"Address:1900 International Park Dr, Birmingham, AL 35243",https://www.motorolasolutions.com,
Intellicorp,,Phone:  (615) 415-2433,,"Address:700 Sweetwater Cir, Old Hickory, TN 37138",https://www.tricentis.com,
Paleki Answering Service,,Phone:  (855) 711-7177,,"Address:Po Box 244, Murfreesboro, TN 37133",,
Air Services And Leads,,Phone:  (615) 331-5551,,"Address:475 Metroplex Dr, Nashville, TN 37211",,
Call Center,,Phone:  (256) 236-2730,,"Address:1415 Parkwood Dr, Anniston, AL 36201",,
Tel-Us Call Center Inc,,Phone:  (844) 731-8066,,Website:www.tel-us.com,https://www.tel-us.com,https://www.linkedin.com/company/tel-us-call-center
Responsive Answering Service,,Phone:  (800) 915-6324,,,,
Tel-Us Call Center Inc,,Phone:  (844) 731-8066,,Website:www.tel-us.com,https://www.tel-us.com,https://www.linkedin.com/company/tel-us-call-center
Responsive Answering Service,,Phone:  (800) 915-6324,,,,
Stmc Call Center,,Phone:  (931) 766-3480,,"Address:1323 S Locust Ave, Lawrenceburg, TN 38464",,
Sitel,,Phone:  (256) 349-5371,,"Address:313 Trade St, Florence, AL 35630",https://foundever.com,
Tele-Sec Communications,,Phone:  (256) 767-2727,,"Address:214 N Court St, Florence, AL 35630",http://www.tele-sec.com,
Codewicr,,Phone:  (931) 548-2014,,"Address:1815 Reedy Way, Columbia, TN 38401",,
Exceptional Outcomes,,Phone:  (615) 866-2649,,"Address:1550 W Mcewen Dr, Franklin, TN 37067",http://exceptional-outcomes.com/contacteo.php,
Professional Credential,,Phone:  (615) 316-7644,,"Address:25 Century Blvd, Nashville, TN 37214",,
Centertel Management Group Inc,,Phone:  (615) 883-2088,,"Address:2525 Perimeter Place Dr Ste 209, Nashville, TN 37214",https://www.ctelecom.net,
Tlk Group,,Phone:  (615) 835-2638,,"Address:443 Donelson Pike Ste 110, Nashville, TN 37214",http://www.manta.com/c/mbn3sdg/t-l-k-group-llc,
Motorola CallWorks,,Phone:  (205) 979-1412,,"Address:1900 International Park Dr, Birmingham, AL 35243",https://www.motorolasolutions.com,
Intellicorp,,Phone:  (615) 415-2433,,"Address:700 Sweetwater Cir, Old Hickory, TN 37138",https://www.tricentis.com,
Paleki Answering Service,,Phone:  (855) 711-7177,,"Address:Po Box 244, Murfreesboro, TN 37133",,
Air Services And Leads,,Phone:  (615) 331-5551,,"Address:475 Metroplex Dr, Nashville, TN 37211",,
Call Center,,Phone:  (256) 236-2730,,"Address:1415 Parkwood Dr, Anniston, AL 36201",,
Tel-Us Call Center Inc,,Phone:  (844) 731-8066,,Website:www.tel-us.com,https://www.tel-us.com,https://www.linkedin.com/company/tel-us-call-center
Responsive Answering Service,,Phone:  (800) 915-6324,,,,
Tel-Us Call Center Inc,,Phone:  (844) 731-8066,,Website:www.tel-us.com,https://www.tel-us.com,https://www.linkedin.com/company/tel-us-call-center
Responsive Answering Service,,Phone:  (800) 915-6324,,,,
Stmc Call Center,,Phone:  (931) 766-3480,,"Address:1323 S Locust Ave, Lawrenceburg, TN 38464",,
Sitel,,Phone:  (256) 349-5371,,"Address:313 Trade St, Florence, AL 35630",https://foundever.com,
Tele-Sec Communications,,Phone:  (256) 767-2727,,"Address:214 N Court St, Florence, AL 35630",http://www.tele-sec.com,
Codewicr,,Phone:  (931) 548-2014,,"Address:1815 Reedy Way, Columbia, TN 38401",,
Exceptional Outcomes,,Phone:  (615) 866-2649,,"Address:1550 W Mcewen Dr, Franklin, TN 37067",http://exceptional-outcomes.com/contacteo.php,
Professional Credential,,Phone:  (615) 316-7644,,"Address:25 Century Blvd, Nashville, TN 37214",,
Centertel Management Group Inc,,Phone:  (615) 883-2088,,"Address:2525 Perimeter Place Dr Ste 209, Nashville, TN 37214",https://www.ctelecom.net,
Tlk Group,,Phone:  (615) 835-2638,,"Address:443 Donelson Pike Ste 110, Nashville, TN 37214",http://www.manta.com/c/mbn3sdg/t-l-k-group-llc,
Motorola CallWorks,,Phone:  (205) 979-1412,,"Address:1900 International Park Dr, Birmingham, AL 35243",https://www.motorolasolutions.com,
Intellicorp,,Phone:  (615) 415-2433,,"Address:700 Sweetwater Cir, Old Hickory, TN 37138",https://www.tricentis.com,
Paleki Answering Service,,Phone:  (855) 711-7177,,"Address:Po Box 244, Murfreesboro, TN 37133",,
Air Services And Leads,,Phone:  (615) 331-5551,,"Address:475 Metroplex Dr, Nashville, TN 37211",,
Call Center,,Phone:  (256) 236-2730,,"Address:1415 Parkwood Dr, Anniston, AL 36201",,
Tel-Us Call Center Inc,,Phone:  (844) 731-8066,,Website:www.tel-us.com,https://www.tel-us.com,https://www.linkedin.com/company/tel-us-call-center
Responsive Answering Service,,Phone:  (800) 915-6324,,,,
Above And Beyond Virtual Call Center,,Phone:  (706) 521-8384,,"Address:143 Parkview Homes, Athens, GA 30605",,
Tel-Us Call Center Inc,,Phone:  (844) 731-8066,,Website:www.tel-us.com,https://www.tel-us.com,https://www.linkedin.com/company/tel-us-call-center
Responsive Answering Service,,Phone:  (800) 915-6324,,,,
Concierge Contact Center,,Phone:  (888) 431-6873,,"Address:197 Ben Burton Cir, Bogart, GA 30622",,
Southernaire Sales & Marketing,,Phone:  (770) 554-5939,,"Address:217 Missionary Rdg, Loganville, GA 30052",,
Work From Home Royale,,Phone:  (404) 259-0722,,"Address:550 Saddle Shoals Dr, Lawrenceville, GA 30046",https://www.workfromhomeroyale.com,
American TeleCenters,,Phone:  (770) 536-0399,,"Address:930 Interstate Ridge Dr Ste F, Gainesville, GA 30501",https://telecenters.com,
Kay & JB Enterpries llc,,Phone:  (470) 444-1970,,"Address:8195 Industrial Blvd, Covington, GA 30014",,
Makita National Call Center,,Phone:  (770) 932-3892,,"Address:2650 Buford Hwy, Buford, GA 30518",,
D-MJ Service Group,,Phone:  (770) 614-6575,,"Address:810 Horizon Pkwy, Buford, GA 30518",,
Kay & JB Enterprises,,Phone:  (470) 444-1970,,"Address:8168 Plantation Trce, Covington, GA 30014",http://kjbcallcenters.com,
"Riley-Rayne, Inc.",,Phone:  (800) 484-2785,,"Address:1755 North Brown Road  Suite 200, Lawrenceville, GA 30043",,
RL Virtual Inc,,Phone:  (770) 466-5058,,"Address:493 Strawberry Walk, Loganville, GA 30052",,
Remote Call Center,,Phone:  (404) 990-4639,,"Address:4500 Satellite Blvd Ste 2380, Duluth, GA 30096",,
Telesales Inc,,Phone:  (770) 441-9777,,"Address:6075 Atlantic Blvd, Norcross, GA 30071",https://telesalesatlanta.com/contact,
Truth Customer Service,,Phone:  (470) 223-3840,,"Address:3357 Peachtree Corners Cir, Peachtree Corners, GA 30092",,
Genesis Communications,,Phone:  (404) 549-9556,,"Address:3817 Norman Rd, Clarkston, GA 30021",https://www.genesiscommunications.us,
B & F Call Center Solutions,,Phone:  (866) 276-7957,,"Address:402 Windstone Trl, Alpharetta, GA 30004",https://bfcallcenter.com/inbound-call-center-services,
Call Center Pros,,Phone:  (404) 936-4000,,"Address:5579 Chamblee Dunwoody Rd Suite #400, Atlanta, GA 30338",http://www.call-center-pros.com/contact,
Vintage Monea LLC,,Phone:  (706) 572-0870,,"Address:1799 Birkshire Ridge, McDonough, GA 30252",,
Call Center of GA,,Phone:  (404) 919-9731,,"Address:2027 Tilson Rd, Decatur, GA 30032",,
Spruce Drive Communications,,Phone:  (770) 410-8788,,"Address:3355 Lenox Rd NE Suite 750, Atlanta, GA 30326",http://sprucedriveco.com,
CMH Global Solutions LLC,,Phone:  (888) 434-0438,,"Address:3379 Peachtree RD NE STE 555, Atlanta, GA 30326",,
Call Center Training Associates,,Phone:  (404) 630-2156,,"Address:4629 Clary Lakes Dr NE, Roswell, GA 30075",http://callcentertrainingassociates.com,
University of GA Benefits Call Center,,Phone:  (844) 587-4236,,"Address:270 Washington St SW, Atlanta, GA 30334",https://hr.uga.edu/employees/enrolling-in-benefits,
Web Communcations,,Phone:  (404) 732-0130,,"Address:196 Peachtree St SW Ste 311, Atlanta, GA 30303",,
Kemper & Associates LLC,,Phone:  (404) 567-5211,,"Address:541 10th St NW Suite 309, Atlanta, GA 30318",http://www.ka1llc.com,
MJE Solutions,,Phone:  (202) 999-1975,,"Address:4355 Shallowford Rd, Marietta, GA 30062",,
Pajama workday,,Phone:  (800) 600-8298,,"Address:1445 woodmont lane nw #1100, Atlanta, GA 30318",,
Chime Solutions Inc,,Phone:  (404) 891-0772,,"Address:1000 Southlake Mall, Morrow, GA 30260",https://chimesolutions.com,
Close to Home,,Phone:  (678) 834-5000,,"Address:302 Fayetteville Rd, Jonesboro, GA 30236",https://www.thinkloud.tv,
Carolyn's Communications,,Phone:  (770) 979-3070,,"Address:2121 Fountain Dr, Snellville, GA 30078",http://www.carolynscommunications.com,
AnswerQuick.biz,,Phone:  (888) 808-2167,,"Address:2055 Gees Mill Rd NE, Conyers, GA 30013",,
Taxi solanos,,Phone:  (770) 540-9893,,"Address:537 mountain crest dr, Gainesville, GA 30501",,
Clarity Telemanagement,,Phone:  (866) 399-8647,,"Address:4850 Sugarloaf Pkwy, Lawrenceville, GA 30044",http://www.claritytel.com,
CBSI,,Phone:  (770) 578-2202,,"Address:2985 Gordy Pkwy, Marietta, GA 30066",,
"New Beginnings, LLC",,Phone:  (404) 436-1979,,"Address:395 Barshay Dr, Covington, GA 30016",,
Nesbitt-Webb Financial Services,,Phone:  (470) 315-2430,,"Address:1 W Court Sq, Decatur, GA 30030",,
N & W Financial,,Phone:  (470) 315-2430,,"Address:1 W Court Sq, Decatur, GA 30030",,
"Clamorgan Holdings, LLC",,Phone:  (888) 870-7439,,"Address:1050 Crown Pointe Pkwy Ste 500, Atlanta, GA 30338",,
Unified Call Solutions,,Phone:  (888) 244-8898,,"Address:10 Glenlake Pkwy, Atlanta, GA 30328",,
Professional Communications Inc,,Phone:  (864) 886-6000,,"Address:15883 Wells Hwy, Seneca, SC 29678",http://www.wegetthemessage.com,
Horizon Mediation LLC,,Phone:  (404) 602-9178,,"Address:2625 Piedmont Rd NE Ste 56-490, Atlanta, GA 30324",,
OmniCall Receptionists,,Phone:  (800) 886-8585,,"Address:1100 Peachtree St NE, Atlanta, GA 30309",http://www.omnicall.com,
RING A PHYSICIAN MEDICAL ANSWERING SERVICE,,Phone:  (404) 475-2545,,"Address:1200 Peachtree Street, Atlanta, GA 30309",,
North Atlanta Magazine Corporation,,Phone:  (770) 844-2118,,"Address:5175 Performance Dr, Cumming, GA 30040",,
Prestige Client Support Services,,Phone:  (404) 549-8016,,"Address:2847 Chapel Lake Ct, Decatur, GA 30034",,
Call Center,,Phone:  (404) 887-0000,,"Address:1150 Sanctuary Pkwy, Alpharetta, GA 30009",,
Tel-Us Call Center Inc,,Phone:  (844) 731-8066,,Website:www.tel-us.com,https://www.tel-us.com,https://www.linkedin.com/company/tel-us-call-center
Responsive Answering Service,,Phone:  (800) 915-6324,,,,
Stmc Call Center,,Phone:  (931) 766-3480,,"Address:1323 S Locust Ave, Lawrenceburg, TN 38464",,
Sitel,,Phone:  (256) 349-5371,,"Address:313 Trade St, Florence, AL 35630",https://foundever.com,
Tele-Sec Communications,,Phone:  (256) 767-2727,,"Address:214 N Court St, Florence, AL 35630",http://www.tele-sec.com,
Codewicr,,Phone:  (931) 548-2014,,"Address:1815 Reedy Way, Columbia, TN 38401",,
Exceptional Outcomes,,Phone:  (615) 866-2649,,"Address:1550 W Mcewen Dr, Franklin, TN 37067",http://exceptional-outcomes.com/contacteo.php,
Professional Credential,,Phone:  (615) 316-7644,,"Address:25 Century Blvd, Nashville, TN 37214",,
Centertel Management Group Inc,,Phone:  (615) 883-2088,,"Address:2525 Perimeter Place Dr Ste 209, Nashville, TN 37214",https://www.ctelecom.net,
Tlk Group,,Phone:  (615) 835-2638,,"Address:443 Donelson Pike Ste 110, Nashville, TN 37214",http://www.manta.com/c/mbn3sdg/t-l-k-group-llc,
Motorola CallWorks,,Phone:  (205) 979-1412,,"Address:1900 International Park Dr, Birmingham, AL 35243",https://www.motorolasolutions.com,
Intellicorp,,Phone:  (615) 415-2433,,"Address:700 Sweetwater Cir, Old Hickory, TN 37138",https://www.tricentis.com,
Paleki Answering Service,,Phone:  (855) 711-7177,,"Address:Po Box 244, Murfreesboro, TN 37133",,
Air Services And Leads,,Phone:  (615) 331-5551,,"Address:475 Metroplex Dr, Nashville, TN 37211",,
Call Center,,Phone:  (256) 236-2730,,"Address:1415 Parkwood Dr, Anniston, AL 36201",,
Responsive Answering Service,,Phone:  (800) 915-6324,,,,
Tel-Us Call Center Inc,,Phone:  (844) 731-8066,,Website:www.tel-us.com,https://www.tel-us.com,https://www.linkedin.com/company/tel-us-call-center
Tele-Sec Communications,,Phone:  (256) 767-2727,,"Address:214 N Court St, Florence, AL 35630",http://www.tele-sec.com,
Stmc Call Center,,Phone:  (931) 766-3480,,"Address:1323 S Locust Ave, Lawrenceburg, TN 38464",,
Sitel,,Phone:  (256) 349-5371,,"Address:313 Trade St, Florence, AL 35630",https://foundever.com,
Codewicr,,Phone:  (931) 548-2014,,"Address:1815 Reedy Way, Columbia, TN 38401",,
Tlk Group,,Phone:  (615) 835-2638,,"Address:443 Donelson Pike Ste 110, Nashville, TN 37214",http://www.manta.com/c/mbn3sdg/t-l-k-group-llc,
Professional Credential,,Phone:  (615) 316-7644,,"Address:25 Century Blvd, Nashville, TN 37214",,
Centertel Management Group Inc,,Phone:  (615) 883-2088,,"Address:2525 Perimeter Place Dr Ste 209, Nashville, TN 37214",https://www.ctelecom.net,
Exceptional Outcomes,,Phone:  (615) 866-2649,,"Address:1550 W Mcewen Dr, Franklin, TN 37067",http://exceptional-outcomes.com/contacteo.php,
Motorola CallWorks,,Phone:  (205) 979-1412,,"Address:1900 International Park Dr, Birmingham, AL 35243",https://www.motorolasolutions.com,
Intellicorp,,Phone:  (615) 415-2433,,"Address:700 Sweetwater Cir, Old Hickory, TN 37138",https://www.tricentis.com,
Paleki Answering Service,,Phone:  (855) 711-7177,,"Address:Po Box 244, Murfreesboro, TN 37133",,
Air Services And Leads,,Phone:  (615) 331-5551,,"Address:475 Metroplex Dr, Nashville, TN 37211",,
Call Center,,Phone:  (256) 236-2730,,"Address:1415 Parkwood Dr, Anniston, AL 36201",,
Tel-Us Call Center Inc,,Phone:  (844) 731-8066,,Website:www.tel-us.com,https://www.tel-us.com,https://www.linkedin.com/company/tel-us-call-center
Responsive Answering Service,,Phone:  (800) 915-6324,,,,
Tel-Us Call Center Inc,,Phone:  (844) 731-8066,,Website:www.tel-us.com,https://www.tel-us.com,https://www.linkedin.com/company/tel-us-call-center
Responsive Answering Service,,Phone:  (800) 915-6324,,,,
Stmc Call Center,,Phone:  (931) 766-3480,,"Address:1323 S Locust Ave, Lawrenceburg, TN 38464",,
Sitel,,Phone:  (256) 349-5371,,"Address:313 Trade St, Florence, AL 35630",https://foundever.com,
Tele-Sec Communications,,Phone:  (256) 767-2727,,"Address:214 N Court St, Florence, AL 35630",http://www.tele-sec.com,
Codewicr,,Phone:  (931) 548-2014,,"Address:1815 Reedy Way, Columbia, TN 38401",,
Exceptional Outcomes,,Phone:  (615) 866-2649,,"Address:1550 W Mcewen Dr, Franklin, TN 37067",http://exceptional-outcomes.com/contacteo.php,
Professional Credential,,Phone:  (615) 316-7644,,"Address:25 Century Blvd, Nashville, TN 37214",,
Centertel Management Group Inc,,Phone:  (615) 883-2088,,"Address:2525 Perimeter Place Dr Ste 209, Nashville, TN 37214",https://www.ctelecom.net,
Tlk Group,,Phone:  (615) 835-2638,,"Address:443 Donelson Pike Ste 110, Nashville, TN 37214",http://www.manta.com/c/mbn3sdg/t-l-k-group-llc,
Motorola CallWorks,,Phone:  (205) 979-1412,,"Address:1900 International Park Dr, Birmingham, AL 35243",https://www.motorolasolutions.com,
Intellicorp,,Phone:  (615) 415-2433,,"Address:700 Sweetwater Cir, Old Hickory, TN 37138",https://www.tricentis.com,
Paleki Answering Service,,Phone:  (855) 711-7177,,"Address:Po Box 244, Murfreesboro, TN 37133",,
Air Services And Leads,,Phone:  (615) 331-5551,,"Address:475 Metroplex Dr, Nashville, TN 37211",,
Call Center,,Phone:  (256) 236-2730,,"Address:1415 Parkwood Dr, Anniston, AL 36201",,
Tel-Us Call Center Inc,,Phone:  (844) 731-8066,,Website:www.tel-us.com,https://www.tel-us.com,https://www.linkedin.com/company/tel-us-call-center
Responsive Answering Service,,Phone:  (800) 915-6324,,,,
Tel-Us Call Center Inc,,Phone:  (844) 731-8066,,Website:www.tel-us.com,https://www.tel-us.com,https://www.linkedin.com/company/tel-us-call-center
Responsive Answering Service,,Phone:  (800) 915-6324,,,,
Stmc Call Center,,Phone:  (931) 766-3480,,"Address:1323 S Locust Ave, Lawrenceburg, TN 38464",,
Sitel,,Phone:  (256) 349-5371,,"Address:313 Trade St, Florence, AL 35630",https://foundever.com,
Tele-Sec Communications,,Phone:  (256) 767-2727,,"Address:214 N Court St, Florence, AL 35630",http://www.tele-sec.com,
Codewicr,,Phone:  (931) 548-2014,,"Address:1815 Reedy Way, Columbia, TN 38401",,
Exceptional Outcomes,,Phone:  (615) 866-2649,,"Address:1550 W Mcewen Dr, Franklin, TN 37067",http://exceptional-outcomes.com/contacteo.php,
Professional Credential,,Phone:  (615) 316-7644,,"Address:25 Century Blvd, Nashville, TN 37214",,
Centertel Management Group Inc,,Phone:  (615) 883-2088,,"Address:2525 Perimeter Place Dr Ste 209, Nashville, TN 37214",https://www.ctelecom.net,
Tlk Group,,Phone:  (615) 835-2638,,"Address:443 Donelson Pike Ste 110, Nashville, TN 37214",http://www.manta.com/c/mbn3sdg/t-l-k-group-llc,
Motorola CallWorks,,Phone:  (205) 979-1412,,"Address:1900 International Park Dr, Birmingham, AL 35243",https://www.motorolasolutions.com,
Intellicorp,,Phone:  (615) 415-2433,,"Address:700 Sweetwater Cir, Old Hickory, TN 37138",https://www.tricentis.com,
Paleki Answering Service,,Phone:  (855) 711-7177,,"Address:Po Box 244, Murfreesboro, TN 37133",,
Air Services And Leads,,Phone:  (615) 331-5551,,"Address:475 Metroplex Dr, Nashville, TN 37211",,
Call Center,,Phone:  (256) 236-2730,,"Address:1415 Parkwood Dr, Anniston, AL 36201",,
Tel-Us Call Center Inc,,Phone:  (844) 731-8066,,Website:www.tel-us.com,https://www.tel-us.com,https://www.linkedin.com/company/tel-us-call-center
Responsive Answering Service,,Phone:  (800) 915-6324,,,,
Above And Beyond Virtual Call Center,,Phone:  (706) 521-8384,,"Address:143 Parkview Homes, Athens, GA 30605",,
Tel-Us Call Center Inc,,Phone:  (844) 731-8066,,Website:www.tel-us.com,https://www.tel-us.com,https://www.linkedin.com/company/tel-us-call-center
Responsive Answering Service,,Phone:  (800) 915-6324,,,,
Concierge Contact Center,,Phone:  (888) 431-6873,,"Address:197 Ben Burton Cir, Bogart, GA 30622",,
Southernaire Sales & Marketing,,Phone:  (770) 554-5939,,"Address:217 Missionary Rdg, Loganville, GA 30052",,
Work From Home Royale,,Phone:  (404) 259-0722,,"Address:550 Saddle Shoals Dr, Lawrenceville, GA 30046",https://www.workfromhomeroyale.com,
American TeleCenters,,Phone:  (770) 536-0399,,"Address:930 Interstate Ridge Dr Ste F, Gainesville, GA 30501",https://telecenters.com,
Kay & JB Enterpries llc,,Phone:  (470) 444-1970,,"Address:8195 Industrial Blvd, Covington, GA 30014",,
Kay & JB Enterprises,,Phone:  (470) 444-1970,,"Address:8168 Plantation Trce, Covington, GA 30014",http://kjbcallcenters.com,
Makita National Call Center,,Phone:  (770) 932-3892,,"Address:2650 Buford Hwy, Buford, GA 30518",,
D-MJ Service Group,,Phone:  (770) 614-6575,,"Address:810 Horizon Pkwy, Buford, GA 30518",,
"Riley-Rayne, Inc.",,Phone:  (800) 484-2785,,"Address:1755 North Brown Road  Suite 200, Lawrenceville, GA 30043",,
RL Virtual Inc,,Phone:  (770) 466-5058,,"Address:493 Strawberry Walk, Loganville, GA 30052",,
Remote Call Center,,Phone:  (404) 990-4639,,"Address:4500 Satellite Blvd Ste 2380, Duluth, GA 30096",,
Telesales Inc,,Phone:  (770) 441-9777,,"Address:6075 Atlantic Blvd, Norcross, GA 30071",https://telesalesatlanta.com/contact,
Genesis Communications,,Phone:  (404) 549-9556,,"Address:3817 Norman Rd, Clarkston, GA 30021",https://www.genesiscommunications.us,
Truth Customer Service,,Phone:  (470) 223-3840,,"Address:3357 Peachtree Corners Cir, Peachtree Corners, GA 30092",,
B & F Call Center Solutions,,Phone:  (866) 276-7957,,"Address:402 Windstone Trl, Alpharetta, GA 30004",https://bfcallcenter.com/inbound-call-center-services,
Vintage Monea LLC,,Phone:  (706) 572-0870,,"Address:1799 Birkshire Ridge, McDonough, GA 30252",,
Call Center Pros,,Phone:  (404) 936-4000,,"Address:5579 Chamblee Dunwoody Rd Suite #400, Atlanta, GA 30338",http://www.call-center-pros.com/contact,
Call Center of GA,,Phone:  (404) 919-9731,,"Address:2027 Tilson Rd, Decatur, GA 30032",,
Spruce Drive Communications,,Phone:  (770) 410-8788,,"Address:3355 Lenox Rd NE Suite 750, Atlanta, GA 30326",http://sprucedriveco.com,
CMH Global Solutions LLC,,Phone:  (888) 434-0438,,"Address:3379 Peachtree RD NE STE 555, Atlanta, GA 30326",,
University of GA Benefits Call Center,,Phone:  (844) 587-4236,,"Address:270 Washington St SW, Atlanta, GA 30334",https://hr.uga.edu/employees/enrolling-in-benefits,
Call Center Training Associates,,Phone:  (404) 630-2156,,"Address:4629 Clary Lakes Dr NE, Roswell, GA 30075",http://callcentertrainingassociates.com,
Web Communcations,,Phone:  (404) 732-0130,,"Address:196 Peachtree St SW Ste 311, Atlanta, GA 30303",,
Kemper & Associates LLC,,Phone:  (404) 567-5211,,"Address:541 10th St NW Suite 309, Atlanta, GA 30318",http://www.ka1llc.com,
MJE Solutions,,Phone:  (202) 999-1975,,"Address:4355 Shallowford Rd, Marietta, GA 30062",,
Pajama workday,,Phone:  (800) 600-8298,,"Address:1445 woodmont lane nw #1100, Atlanta, GA 30318",,
Chime Solutions Inc,,Phone:  (404) 891-0772,,"Address:1000 Southlake Mall, Morrow, GA 30260",https://chimesolutions.com,
Carolyn's Communications,,Phone:  (770) 979-3070,,"Address:2121 Fountain Dr, Snellville, GA 30078",http://www.carolynscommunications.com,
AnswerQuick.biz,,Phone:  (888) 808-2167,,"Address:2055 Gees Mill Rd NE, Conyers, GA 30013",,
Taxi solanos,,Phone:  (770) 540-9893,,"Address:537 mountain crest dr, Gainesville, GA 30501",,
Clarity Telemanagement,,Phone:  (866) 399-8647,,"Address:4850 Sugarloaf Pkwy, Lawrenceville, GA 30044",http://www.claritytel.com,
CBSI,,Phone:  (770) 578-2202,,"Address:2985 Gordy Pkwy, Marietta, GA 30066",,
"New Beginnings, LLC",,Phone:  (404) 436-1979,,"Address:395 Barshay Dr, Covington, GA 30016",,
Nesbitt-Webb Financial Services,,Phone:  (470) 315-2430,,"Address:1 W Court Sq, Decatur, GA 30030",,
N & W Financial,,Phone:  (470) 315-2430,,"Address:1 W Court Sq, Decatur, GA 30030",,
Professional Communications Inc,,Phone:  (864) 886-6000,,"Address:15883 Wells Hwy, Seneca, SC 29678",http://www.wegetthemessage.com,
"Clamorgan Holdings, LLC",,Phone:  (888) 870-7439,,"Address:1050 Crown Pointe Pkwy Ste 500, Atlanta, GA 30338",,
Unified Call Solutions,,Phone:  (888) 244-8898,,"Address:10 Glenlake Pkwy, Atlanta, GA 30328",,
Horizon Mediation LLC,,Phone:  (404) 602-9178,,"Address:2625 Piedmont Rd NE Ste 56-490, Atlanta, GA 30324",,
OmniCall Receptionists,,Phone:  (800) 886-8585,,"Address:1100 Peachtree St NE, Atlanta, GA 30309",http://www.omnicall.com,
RING A PHYSICIAN MEDICAL ANSWERING SERVICE,,Phone:  (404) 475-2545,,"Address:1200 Peachtree Street, Atlanta, GA 30309",,
North Atlanta Magazine Corporation,,Phone:  (770) 844-2118,,"Address:5175 Performance Dr, Cumming, GA 30040",,
Prestige Client Support Services,,Phone:  (404) 549-8016,,"Address:2847 Chapel Lake Ct, Decatur, GA 30034",,
Call Center,,Phone:  (404) 887-0000,,"Address:1150 Sanctuary Pkwy, Alpharetta, GA 30009",,
Tel-Us Call Center Inc,,Phone:  (844) 731-8066,,Website:www.tel-us.com,https://www.tel-us.com,https://www.linkedin.com/company/tel-us-call-center
Responsive Answering Service,,Phone:  (800) 915-6324,,,,
Tel-Us Call Center Inc,,Phone:  (844) 731-8066,,Website:www.tel-us.com,https://www.tel-us.com,https://www.linkedin.com/company/tel-us-call-center
Responsive Answering Service,,Phone:  (800) 915-6324,,,,
Stmc Call Center,,Phone:  (931) 766-3480,,"Address:1323 S Locust Ave, Lawrenceburg, TN 38464",,
Sitel,,Phone:  (256) 349-5371,,"Address:313 Trade St, Florence, AL 35630",https://foundever.com,
Tele-Sec Communications,,Phone:  (256) 767-2727,,"Address:214 N Court St, Florence, AL 35630",http://www.tele-sec.com,
Codewicr,,Phone:  (931) 548-2014,,"Address:1815 Reedy Way, Columbia, TN 38401",,
Exceptional Outcomes,,Phone:  (615) 866-2649,,"Address:1550 W Mcewen Dr, Franklin, TN 37067",http://exceptional-outcomes.com/contacteo.php,
Professional Credential,,Phone:  (615) 316-7644,,"Address:25 Century Blvd, Nashville, TN 37214",,
Centertel Management Group Inc,,Phone:  (615) 883-2088,,"Address:2525 Perimeter Place Dr Ste 209, Nashville, TN 37214",https://www.ctelecom.net,
Tlk Group,,Phone:  (615) 835-2638,,"Address:443 Donelson Pike Ste 110, Nashville, TN 37214",http://www.manta.com/c/mbn3sdg/t-l-k-group-llc,
Motorola CallWorks,,Phone:  (205) 979-1412,,"Address:1900 International Park Dr, Birmingham, AL 35243",https://www.motorolasolutions.com,
Intellicorp,,Phone:  (615) 415-2433,,"Address:700 Sweetwater Cir, Old Hickory, TN 37138",https://www.tricentis.com,
Paleki Answering Service,,Phone:  (855) 711-7177,,"Address:Po Box 244, Murfreesboro, TN 37133",,
Air Services And Leads,,Phone:  (615) 331-5551,,"Address:475 Metroplex Dr, Nashville, TN 37211",,
Call Center,,Phone:  (256) 236-2730,,"Address:1415 Parkwood Dr, Anniston, AL 36201",,
Concierge Contact Center,,Phone:  (888) 431-6873,,"Address:197 Ben Burton Cir, Bogart, GA 30622",,
Above And Beyond Virtual Call Center,,Phone:  (706) 521-8384,,"Address:143 Parkview Homes, Athens, GA 30605",,
Responsive Answering Service,,Phone:  (800) 915-6324,,,,
Tel-Us Call Center Inc,,Phone:  (844) 731-8066,,Website:www.tel-us.com,https://www.tel-us.com,https://www.linkedin.com/company/tel-us-call-center
Southernaire Sales & Marketing,,Phone:  (770) 554-5939,,"Address:217 Missionary Rdg, Loganville, GA 30052",,
Work From Home Royale,,Phone:  (404) 259-0722,,"Address:550 Saddle Shoals Dr, Lawrenceville, GA 30046",https://www.workfromhomeroyale.com,
Kay & JB Enterprises,,Phone:  (470) 444-1970,,"Address:8168 Plantation Trce, Covington, GA 30014",http://kjbcallcenters.com,
American TeleCenters,,Phone:  (770) 536-0399,,"Address:930 Interstate Ridge Dr Ste F, Gainesville, GA 30501",https://telecenters.com,
Makita National Call Center,,Phone:  (770) 932-3892,,"Address:2650 Buford Hwy, Buford, GA 30518",,
Kay & JB Enterpries llc,,Phone:  (470) 444-1970,,"Address:8195 Industrial Blvd, Covington, GA 30014",,
D-MJ Service Group,,Phone:  (770) 614-6575,,"Address:810 Horizon Pkwy, Buford, GA 30518",,
"Riley-Rayne, Inc.",,Phone:  (800) 484-2785,,"Address:1755 North Brown Road  Suite 200, Lawrenceville, GA 30043",,
RL Virtual Inc,,Phone:  (770) 466-5058,,"Address:493 Strawberry Walk, Loganville, GA 30052",,
Remote Call Center,,Phone:  (404) 990-4639,,"Address:4500 Satellite Blvd Ste 2380, Duluth, GA 30096",,
Vintage Monea LLC,,Phone:  (706) 572-0870,,"Address:1799 Birkshire Ridge, McDonough, GA 30252",,
Spruce Drive Communications,,Phone:  (770) 410-8788,,"Address:3355 Lenox Rd NE Suite 750, Atlanta, GA 30326",http://sprucedriveco.com,
Truth Customer Service,,Phone:  (470) 223-3840,,"Address:3357 Peachtree Corners Cir, Peachtree Corners, GA 30092",,
B & F Call Center Solutions,,Phone:  (866) 276-7957,,"Address:402 Windstone Trl, Alpharetta, GA 30004",https://bfcallcenter.com/inbound-call-center-services,
Call Center of GA,,Phone:  (404) 919-9731,,"Address:2027 Tilson Rd, Decatur, GA 30032",,
Call Center Training Associates,,Phone:  (404) 630-2156,,"Address:4629 Clary Lakes Dr NE, Roswell, GA 30075",http://callcentertrainingassociates.com,
Pajama workday,,Phone:  (800) 600-8298,,"Address:1445 woodmont lane nw #1100, Atlanta, GA 30318",,
Chime Solutions Inc,,Phone:  (404) 891-0772,,"Address:1000 Southlake Mall, Morrow, GA 30260",https://chimesolutions.com,
Telesales Inc,,Phone:  (770) 441-9777,,"Address:6075 Atlantic Blvd, Norcross, GA 30071",https://telesalesatlanta.com/contact,
Genesis Communications,,Phone:  (404) 549-9556,,"Address:3817 Norman Rd, Clarkston, GA 30021",https://www.genesiscommunications.us,
Call Center Pros,,Phone:  (404) 936-4000,,"Address:5579 Chamblee Dunwoody Rd Suite #400, Atlanta, GA 30338",http://www.call-center-pros.com/contact,
CMH Global Solutions LLC,,Phone:  (888) 434-0438,,"Address:3379 Peachtree RD NE STE 555, Atlanta, GA 30326",,
University of GA Benefits Call Center,,Phone:  (844) 587-4236,,"Address:270 Washington St SW, Atlanta, GA 30334",https://hr.uga.edu/employees/enrolling-in-benefits,
Web Communcations,,Phone:  (404) 732-0130,,"Address:196 Peachtree St SW Ste 311, Atlanta, GA 30303",,
MJE Solutions,,Phone:  (202) 999-1975,,"Address:4355 Shallowford Rd, Marietta, GA 30062",,
Kemper & Associates LLC,,Phone:  (404) 567-5211,,"Address:541 10th St NW Suite 309, Atlanta, GA 30318",http://www.ka1llc.com,
Ld Call,,Phone:  (770) 690-0771,,"Address:1480 Terrell Mill Rd SE, Marietta, GA 30067",,
Blended Solutions Group,,Phone:  (470) 308-6917,,"Address:1955 Lake Park Dr SE, Smyrna, GA 30080",http://blendedsolutionsgroup.com,
Close to Home,,Phone:  (678) 834-5000,,"Address:302 Fayetteville Rd, Jonesboro, GA 30236",https://www.thinkloud.tv,
Carolyn's Communications,,Phone:  (770) 979-3070,,"Address:2121 Fountain Dr, Snellville, GA 30078",http://www.carolynscommunications.com,
AnswerQuick.biz,,Phone:  (888) 808-2167,,"Address:2055 Gees Mill Rd NE, Conyers, GA 30013",,
Taxi solanos,,Phone:  (770) 540-9893,,"Address:537 mountain crest dr, Gainesville, GA 30501",,
Clarity Telemanagement,,Phone:  (866) 399-8647,,"Address:4850 Sugarloaf Pkwy, Lawrenceville, GA 30044",http://www.claritytel.com,
"New Beginnings, LLC",,Phone:  (404) 436-1979,,"Address:395 Barshay Dr, Covington, GA 30016",,
CBSI,,Phone:  (770) 578-2202,,"Address:2985 Gordy Pkwy, Marietta, GA 30066",,
"Engage Outsource, Inc.",,Phone:  (404) 382-9367,,"Address:1870 The Exchange SE Ste 101, Atlanta, GA 30339",,
Nesbitt-Webb Financial Services,,Phone:  (470) 315-2430,,"Address:1 W Court Sq, Decatur, GA 30030",,
N & W Financial,,Phone:  (470) 315-2430,,"Address:1 W Court Sq, Decatur, GA 30030",,
"Clamorgan Holdings, LLC",,Phone:  (888) 870-7439,,"Address:1050 Crown Pointe Pkwy Ste 500, Atlanta, GA 30338",,
Unified Call Solutions,,Phone:  (888) 244-8898,,"Address:10 Glenlake Pkwy, Atlanta, GA 30328",,
Horizon Mediation LLC,,Phone:  (404) 602-9178,,"Address:2625 Piedmont Rd NE Ste 56-490, Atlanta, GA 30324",,
OmniCall Receptionists,,Phone:  (800) 886-8585,,"Address:1100 Peachtree St NE, Atlanta, GA 30309",http://www.omnicall.com,
RING A PHYSICIAN MEDICAL ANSWERING SERVICE,,Phone:  (404) 475-2545,,"Address:1200 Peachtree Street, Atlanta, GA 30309",,
Professional Communications Inc,,Phone:  (864) 886-6000,,"Address:15883 Wells Hwy, Seneca, SC 29678",http://www.wegetthemessage.com,
Work Smart From Home LLC,,Phone:  (404) 573-0154,,"Address:2137 Lake Park Dr SE, Smyrna, GA 30080",,
North Atlanta Magazine Corporation,,Phone:  (770) 844-2118,,"Address:5175 Performance Dr, Cumming, GA 30040",,
Prestige Client Support Services,,Phone:  (404) 549-8016,,"Address:2847 Chapel Lake Ct, Decatur, GA 30034",,
Call Center,,Phone:  (404) 887-0000,,"Address:1150 Sanctuary Pkwy, Alpharetta, GA 30009",,
Tel-Us Call Center Inc,,Phone:  (844) 731-8066,,Website:www.tel-us.com,https://www.tel-us.com,https://www.linkedin.com/company/tel-us-call-center
